{
  "alpha_pattern": {},
  "auto_mapping": null,
  "base_model_name_or_path": "timpal0l/mdeberta-v3-base-squad2",
  "bias": "none",
  "corda_config": null,
  "eva_config": null,
  "exclude_modules": null,
  "fan_in_fan_out": false,
  "inference_mode": true,
  "init_lora_weights": true,
  "layer_replication": null,
  "layers_pattern": null,
  "layers_to_transform": null,
  "loftq_config": {},
  "lora_alpha": 64,
  "lora_bias": false,
  "lora_dropout": 0.05,
  "megatron_config": null,
  "megatron_core": "megatron.core",
  "modules_to_save": [
    "qa_outputs"
  ],
  "peft_type": "LORA",
  "r": 32,
  "rank_pattern": {},
  "revision": null,
  "target_modules": [
    "key_proj",
    "dense",
    "query_proj",
    "value_proj"
  ],
  "task_type": "QUESTION_ANS",
  "trainable_token_indices": null,
  "use_dora": false,
  "use_rslora": false
}