{
  "added_tokens_decoder": {
    "0": {
      "content": "[PAD]",
      "lstrip": false,
      "normalized": false,
      "rstrip": false,
      "single_word": false,
      "special": true
    },
    "1": {
      "content": "[CLS]",
      "lstrip": false,
      "normalized": false,
      "rstrip": false,
      "single_word": false,
      "special": true
    },
    "2": {
      "content": "[SEP]",
      "lstrip": false,
      "normalized": false,
      "rstrip": false,
      "single_word": false,
      "special": true
    },
    "3": {
      "content": "[UNK]",
      "lstrip": false,
      "normalized": false,
      "rstrip": false,
      "single_word": false,
      "special": true
    },
    "250101": {
      "content": "[MASK]",
      "lstrip": false,
      "normalized": false,
      "rstrip": false,
      "single_word": false,
      "special": true
    }
  },
  "bos_token": "[CLS]",
  "clean_up_tokenization_spaces": false,
  "cls_token": "[CLS]",
  "do_lower_case": false,
  "eos_token": "[SEP]",
  "extra_special_tokens": {},
  "mask_token": "[MASK]",
  "model_max_length": 1000000000000000019884624838656,
  "pad_token": "[PAD]",
  "sep_token": "[SEP]",
  "sp_model_kwargs": {},
  "split_by_punct": false,
  "tokenizer_class": "DebertaV2TokenizerFast",
  "unk_token": "[UNK]",
  "vocab_type": "spm"
}
